cod_uf;cod_agencia;agencia;uorg;latitude;longitude
11;110002300;ARIQUEMES;1547;-9.909610;-63.034608
11;110004900;CACOAL;958;-11.431630;-61.455148
11;110012200;JI-PARANÁ;960;-10.877332;-61.961635
11;110020500;PORTO VELHO;961;-8.759258;-63.901395
11;110030400;VILHENA;959;-12.741639;-60.136638
12;120020300;CRUZEIRO DO SUL;966;-7.635381;-72.666606
12;120040100;RIO BRANCO;968;-9.974897;-67.807659
12;120060900;TARAUACÁ;967;-8.155755;-70.770586
13;130110000;CAREIRO;1794;-3.819514;-60.355427
13;130120900;COARI;869;-4.085753;-63.142283
13;130140700;EIRUNEPÉ;867;-6.666736;-69.864675
13;130170400;HUMAITÁ;1512;-7.506494;-63.021122
13;130190200;ITACOATIARA;871;-3.143036;-58.444444
13;130240500;LÁBREA;1795;-7.265086;-64.794942
13;130250400;MANACAPURU;872;-3.299696;-60.619519
13;130260300;UE/AMAZONAS;1310;-3.107356;-60.018325
13;130260301;MANAUS CENTRO;1599;-3.107356;-60.018325
13;130260302;MANAUS LESTE;1796;-3.107356;-60.018325
13;130340300;PARINTINS;873;-2.628825;-56.738178
13;130380900;SÃO GABRIEL DA CACHOEIRA;1797;-0.128794;-67.091267
13;130406200;TABATINGA;1513;-4.230936;-69.934722
13;130420300;TEFÉ;870;-3.345778;-64.706719
14;140010000;BOA VISTA;1805;2.843486;-60.664300
15;150010700;ABAETETUBA;851;-1.724360;-48.884085
15;150050300;ALMEIRIM;848;-1.528965;-52.571505
15;150060200;ALTAMIRA;849;-3.211267;-52.219720
15;150080000;ANANINDEUA;1742;-1.367126;-48.376390
15;150140201;BELÉM I;1743;-1.456240;-48.488540
15;150140202;BELÉM II;1744;-1.456240;-48.488540
15;150170900;BRAGANÇA;855;-1.059467;-46.766290
15;150180800;BREVES;850;-1.691223;-50.483047
15;150210300;CAMETÁ;852;-2.245718;-49.498792
15;150220200;CAPANEMA;856;-1.193469;-47.181397
15;150240000;CASTANHAL;857;-1.296792;-47.944376
15;150360600;ITAITUBA;1745;-4.278024;-55.989030
15;150420800;MARABÁ;853;-5.346774;-49.106283
15;150510600;ÓBIDOS;846;-1.915662;-55.515545
15;150550200;PARAGOMINAS;858;-2.992289;-47.353628
15;150553600;PARAUAPEBAS ;1747;-6.056487;-49.897750
15;150613800;REDENÇÃO;1749;-8.020069;-50.036039
15;150680700;SANTARÉM;847;-2.433026;-54.720122
15;150790400;SOURE;860;-0.727417;-48.520576
15;150808400;TUCUMÃ;2262;-6.758300;-51.147940
15;150810000;TUCURUÍ;1530;-3.761633;-49.673223
15;150840700;XINGUARA;859;-7.104772;-49.941765
16;160030300;MACAPÁ;1771;0.032497;-51.052319
17;170210900;ARAGUAÍNA;948;-7.188454;-48.210675
17;170220800;ARAGUATINS;1509;-5.654201;-48.121982
17;170550800;COLINAS DO TOCANTINS;952;-8.054569;-48.484101
17;170700900;DIANÓPOLIS;949;-11.627190;-46.813350
17;170950000;GURUPI;953;-11.723238;-49.068503
17;171610900;PARAÍSO DO TOCANTINS;1510;-10.170761;-48.884571
17;171820400;PORTO NACIONAL;950;-10.704000;-48.406005
17;172100001;PALMAS;1601;-10.205807;-48.334083
17;172120800;TOCANTINÓPOLIS;951;-6.324583;-47.428595
21;210120200;BACABAL;816;-4.232754;-44.783774
21;210140000;BALSAS;824;-7.534690;-46.049529
21;210170700;BARREIRINHAS;1504;-2.749364;-42.831073
21;210300000;CAXIAS;818;-4.860126;-43.364072
21;210320800;CHAPADINHA;821;-3.741189;-43.356909
21;210467700;GOVERNADOR NUNES FREIRE;1506;-2.125753;-45.892830
21;210480000;GRAJAÚ;1507;-5.828945;-46.159276
21;210530200;IMPERATRIZ;822;-5.527161;-47.493784
21;210540100;ITAPECURU MIRIM;819;-3.396903;-44.361632
21;210820700;PEDREIRAS;817;-4.569965;-44.598751
21;210860300;PINHEIRO;811;-2.518098;-45.082837
21;210910600;PRESIDENTE DUTRA;823;-5.290652;-44.491348
21;210990800;SANTA INÊS;815;-3.662701;-45.385768
21;211060900;SÃO BERNARDO;814;-3.361210;-42.423767
21;211110200;SÃO JOÃO DOS PATOS;825;-6.501082;-43.701895
21;211120100;SÃO JOSÉ DE RIBAMAR;1505;-2.556372;-44.060782
21;211130000;SÃO LUÍS;813;-2.507344;-44.297156
21;211220900;TIMON;820;-5.106287;-42.844393
21;211280300;VIANA;812;-3.213895;-45.008020
22;220020200;ÁGUA BRANCA;1829;-5.891336;-42.636188
22;220120000;BARRAS;795;-4.249071;-42.293422
22;220190300;BOM JESUS;1830;-9.072301;-44.359115
22;220220800;CAMPO MAIOR;796;-4.829503;-42.163760
22;220290100;CORRENTE;805;-10.444610;-45.158555
22;220390900;FLORIANO;800;-6.770565;-43.017662
22;220700900;OEIRAS;801;-7.014418;-42.122385
22;220770200;PARNAÍBA;794;-2.905799;-41.776483
22;220780100;PAULISTANA;1831;-8.146101;-41.153098
22;220800700;PICOS;802;-7.078101;-41.444868
22;220840300;PIRIPIRI;797;-4.281652;-41.777565
22;221000300;SÃO JOÃO DO PIAUÍ;1832;-8.362295;-42.249482
22;221060700;SÃO RAIMUNDO NONATO;804;-9.014036;-42.695766
22;221100100;TERESINA;798;-5.076819;-42.779441
23;230110900;ARACATI;1753;-4.570152;-37.775276
23;230210700;BATURITÉ;782;-4.195827;-38.523735
23;230280000;CANINDÉ;781;-4.356464;-39.311146
23;230410300;CRATEÚS;783;-5.174765;-40.668904
23;230420200;CRATO;787;-7.228038;-39.395752
23;230440001;FORTALEZA 1;775;-3.729300;-38.528300
23;230440002;FORTALEZA 2;776;-3.729410;-38.528400
23;230440003;FORTALEZA 3;1754;-3.739661;-38.543983
23;230550600;IGUATU;786;-6.352002;-39.293933
23;230630600;ITAPAGÉ;773;-3.685110;-39.587002
23;230640500;ITAPIPOCA;774;-3.500610;-39.584729
23;230690000;JAGUARIBE;785;-5.887180;-38.622810
23;230730400;JUAZEIRO DO NORTE;788;-7.204770;-39.321262
23;230760100;LIMOEIRO DO NORTE;778;-5.146190;-38.098340
23;230770000;MARANGUAPE;1755;-3.880560;-38.676850
23;231130600;QUIXADÁ;784;-4.973511;-39.015744
23;231290800;SOBRAL;780;-3.691917;-40.352652
23;231330200;TAUÁ;1756;-6.003679;-40.294431
23;231340100;TIANGUÁ;779;-3.724447;-40.993906
24;240020800;AÇÚ;752;-5.573300;-36.919300
24;240200600;CAICÓ;755;-6.464000;-37.091100
24;240310300;CURRAIS NOVOS;1821;-6.260246;-36.514773
24;240325100;PARNAMIRIM;1546;-5.923181;-35.262082
24;240580100;JOÃO CÂMARA;1822;-5.542522;-35.813765
24;240800300;MOSSORÓ;751;-5.186152;-37.351922
24;240810200;NATAL;753;-5.786431;-35.203712
24;240940700;PAU DOS FERROS;754;-6.120167;-38.207536
24;241150200;SANTO ANTÔNIO;1823;-6.310752;-35.478115
25;250400900;CAMPINA GRANDE;743;-7.231180;-35.876527
25;250600400;ESPERANÇA;1600;-7.018318;-35.857614
25;250630100;GUARABIRA;736;-6.853153;-35.489390
25;250690500;ITABAIANA;745;-7.329762;-35.336114
25;250700200;ITAPORANGA;738;-7.305630;-38.150799
25;250750700;JOÃO PESSOA 1;737;-7.118575;-34.858240
25;250750701;JOÃO PESSOA 2;1554;-7.146220;-34.849798
25;251080800;PATOS;739;-7.025393;-37.278356
25;251210100;POMBAL;740;-6.769274;-37.800153
25;251620100;SOUSA;742;-6.761107;-38.231028
25;251630000;SUMÉ;1531;-7.672240;-36.879000
26;260010400;AFOGADOS DA INGAZEIRA;701;-7.751002;-37.634570
26;260120100;ARCOVERDE;703;-8.426652;-37.065056
26;260170600;BELO JARDIM;706;-8.336489;-36.420271
26;260400700;CARPINA;1532;-7.849562;-35.241337
26;260410600;CARUARU;705;-8.283796;-35.967690
26;260520200;ESCADA;1533;-8.370750;-35.235036
26;260600200;GARANHUNS;707;-8.889639;-36.493886
26;260790100;JABOATÃO DOS GUARARAPES;709;-8.196714;-34.923004
26;260890900;LIMOEIRO;704;-7.880831;-35.457380
26;260960000;OLINDA;715;-7.986475;-34.838729
26;260990700;OURICURI;697;-7.884625;-40.080241
26;261000400;PALMARES;713;-8.686470;-35.589305
26;261110100;PETROLINA;700;-9.401253;-40.498517
26;261160601;RECIFE CENTRO;710;-8.061645;-34.888320
26;261160602;RECIFE NORTE;711;-8.027452;-34.898653
26;261160603;RECIFE SUL;712;-8.099240;-34.886610
26;261220800;SALGUEIRO;698;-8.072859;-39.119526
26;261390900;SERRA TALHADA;702;-7.989191;-38.292340
26;261530000;TIMBAÚBA;708;-7.513693;-35.314970
26;261640700;VITÓRIA DE SANTO ANTÃO;714;-8.114841;-35.290148
27;270030000;ARAPIRACA;727;-9.752268;-36.655614
27;270240500;DELMIRO GOUVEIA;721;-9.380626;-38.000116
27;270430200;MACEIÓ 1;729;-9.648857;-35.717681
27;270430201;MACEIÓ 2;2268;-9.648857;-35.717681
27;270630700;PALMEIRA DOS ÍNDIOS;723;-9.408214;-36.629619
27;270670300;PENEDO;730;-10.287465;-36.578529
27;270730500;PORTO CALVO;726;-9.051084;-35.395513
27;270800600;SANTANA DO IPANEMA;722;-9.372195;-37.244768
27;270860000;SÃO MIGUEL DOS CAMPOS;728;-9.779036;-36.097221
27;270930100;UNIÃO DOS PALMARES;724;-9.159333;-36.033889
27;270940000;VIÇOSA;725;-9.374624;-36.243234
28;280030800;ARACAJU;671;-10.932619;-37.048742
28;280210600;ESTÂNCIA;672;-11.265949;-37.434782
28;280290800;ITABAIANA;669;-10.688984;-37.427669
28;280350000;LAGARTO;670;-10.914562;-37.673222
28;280460700;NOSSA SENHORA DAS DORES;668;-10.490629;-37.197076
28;280570300;PROPRIÁ;667;-10.207736;-36.838018
29;290070200;ALAGOINHAS;644;-12.141075;-38.426496
29;290320100;BARREIRAS;613
29;290390400;BOM JESUS DA LAPA;619;-13.254736;-43.406599
29;290460500;BRUMADO;623;-14.203300;-41.671010
29;290490200;CACHOEIRA;651;-12.604757;-38.962881
29;290570100;CAMAÇARI;648;-12.704374;-38.322981
29;290790500;CIPÓ;645
29;290840800;CONCEIÇÃO DO COITÉ;632;-11.568294;-39.280796
29;290980200;CRUZ DAS ALMAS;652;-12.667660;-39.102298
29;291060200;ESPLANADA;647;-11.799802;-37.945742
29;291070100;EUCLIDES DA CUNHA;631;-10.509946;-39.010751
29;291072700;EUNÁPOLIS;656;-16.376912;-39.584052
29;291080000;FEIRA DE SANTANA;635;-12.256201;-38.937842
29;291170900;GUANAMBI;625;-14.219497;-42.785260
29;291320000;IBOTIRAMA;616;-12.185809;-43.221275
29;291360600;ILHÉUS;657;-14.763735;-39.063448
29;291390300;IPIAÚ;658;-14.143823;-39.725919
29;291400000;IPIRÁ;636;-12.161100;-39.741587
29;291460400;IRECÊ;620;-11.295548;-41.850491
29;291470300;ITABERABA;628;-12.529087;-40.309198
29;291480200;ITABUNA;659;-14.786714;-39.274100
29;291560100;ITAMARAJU;660;-17.036096;-39.529179
29;291640100;ITAPETINGA;641;-15.244920;-40.251791
29;291750800;JACOBINA;629;-11.183079;-40.510388
29;291760700;JAGUAQUARA;637;-13.531154;-39.970736
29;291800100;JEQUIÉ;638;-13.874468;-40.067692
29;291810000;JEREMOABO;642;-10.070281;-38.349595
29;291840700;JUAZEIRO;630;-9.411360;-40.509010
29;291950400;LIVRAMENTO DE NOSSA SENHORA;626;-13.647489;-41.845149
29;292170800;MORRO DO CHAPÉU;621;-11.546555;-41.153677
29;292400900;PAULO AFONSO;643;-9.402707;-38.229640
29;292510500;POÇÕES;639;-14.526874;-40.367876
29;292530300;PORTO SEGURO;1514
29;292600400;REMANSO;617;-9.614240;-42.078230
29;292630100;RIACHÃO DO JACUÍPE;633;-11.807729;-39.383705
29;292660800;RIBEIRA DO POMBAL;646;-10.837922;-38.539761
29;292740800;SALVADOR 1;649;-12.969363;-38.511155
29;292740801;SALVADOR 2;1548;-12.950195;-38.427030
29;292810900;SANTA MARIA DA VITÓRIA;614;-13.394837;-44.200590
29;292840600;SANTA RITA DE CÁSSIA;1515;-11.008469;-44.518857
29;292860400;SANTO AMARO;653;-12.551180;-38.707986
29;292870300;SANTO ANTÔNIO DE JESUS;654;-12.965723;-39.267789
29;292920600;SÃO FRANCISCO DO CONDE;650;-12.630299;-38.676423
29;292990900;SEABRA;622;-12.420796;-41.775192
29;293010500;SENHOR DO BONFIM;627;-10.461094;-40.188735
29;293050100;SERRINHA;634;-11.666602;-39.006342
29;293135000;TEIXEIRA DE FREITAS;661;-17.540771;-39.744819
29;293290300;VALENÇA;655;-13.374162;-39.071525
29;293330700;VITÓRIA DA CONQUISTA;640;-14.874610;-40.808715
29;293360400;XIQUE-XIQUE;618;-10.825395;-42.730690
31;310110200;AIMORÉS;546;-19.491752;-41.063854
31;310160700;ALFENAS;555;-21.431139;-45.945345
31;310170600;ALMENARA;506;-16.194435;-40.701101
31;310340500;ARAÇUAÍ;1555;-16.852694;-42.053974
31;310350400;ARAGUARI;513;-18.653387;-48.188841
31;310400700;ARAXÁ;529;-19.590439;-46.941680
31;310560800;BARBACENA;565;-21.217182;-43.770761
31;310620001;BH-CENTRO SUL;534;-19.920536;-43.937354
31;310620002;BH-LESTE;535;-19.920536;-43.937354
31;310620003;BH-NOROESTE;533;-19.921447;-43.980045
31;310620004;BH-NORTE;537;-19.814700;-43.954388
31;310620005;BH-OESTE;536;-19.920536;-43.937354
31;310670500;BETIM;538;-19.963966;-44.182941
31;310740600;BOM DESPACHO;530;-19.739198;-45.250556
31;311060800;CAMBUÍ;581;-22.611853;-46.060855
31;311120000;CAMPO BELO;558;-20.893177;-45.278129
31;311230700;CAPELINHA;508;-17.693692;-42.516419
31;311330500;CARANGOLA;561;-20.734707;-42.029752
31;311340400;CARATINGA;545;-19.789103;-42.137412
31;311530000;CATAGUASES;579;-21.389024;-42.694445
31;311550800;CAXAMBU;570;-21.980107;-44.934466
31;311830400;CONSELHEIRO LAFAIETE;550;-20.660633;-43.790129
31;311860100;CONTAGEM;539;-19.918009;-44.078704
31;312090400;CURVELO;507;-18.758788;-44.429575
31;312160500;DIAMANTINA;509;-18.240938;-43.603067
31;312230600;DIVINÓPOLIS;547;-20.145363;-44.887471
31;312610900;FORMIGA;559;-20.464442;-45.425388
31;312770100;GOVERNADOR VALADARES;524;-18.852749;-41.947915
31;312800600;GUANHÃES;1556;-18.776966;-42.934843
31;312870900;GUAXUPÉ;563;-21.304093;-46.710108
31;313130700;IPATINGA;542;-19.478920;-42.524855
31;313170300;ITABIRA;543;-19.623718;-43.226814
31;313240400;ITAJUBÁ;582;-22.428204;-45.456247
31;313380800;ITAÚNA;548;-20.075715;-44.581415
31;313420200;ITUIUTABA;514;-18.972180;-49.462828
31;313440000;ITURAMA;527;-19.737977;-50.192486
31;313510000;JANAÚBA;502;-15.806144;-43.310463
31;313520900;JANUÁRIA;496;-15.490625;-44.360029
31;313580300;JEQUITINHONHA;1557;-16.432535;-41.004429
31;313620700;JOÃO MONLEVADE;544;-19.811881;-43.173782
31;313670200;JUIZ DE FORA;577;-21.742792;-43.354998
31;313820300;LAVRAS;575;-21.243114;-44.999634
31;313840100;LEOPOLDINA;580;-21.532719;-42.635521
31;313940900;MANHUAÇU;554;-20.256022;-42.032566
31;313960700;MANTENA;525;-18.781536;-40.983755
31;314330200;MONTES CLAROS;503;-16.722558;-43.865188
31;314390600;MURIAÉ;562;-21.130130;-42.362643
31;314610700;OURO PRETO;551;-20.385121;-43.505563
31;314700600;PARACATU;498;-17.225161;-46.874722
31;314790700;PASSOS;556;-20.728479;-46.605344
31;314800400;PATOS DE MINAS;520;-18.595700;-46.513498
31;314810300;PATROCÍNIO;519;-18.944171;-46.986472
31;314930900;PEDRO LEOPOLDO;540;-19.625991;-44.031500
31;315120600;PIRAPORA;500;-17.337682;-44.936502
31;315180000;POÇOS DE CALDAS;569;-21.787871;-46.564817
31;315210500;PONTE NOVA;552;-20.403706;-42.891096
31;315250100;POUSO ALEGRE;571;-22.221611;-45.922727
31;315490300;RIO CASCA;553;-20.224371;-42.643107
31;315700500;SALINAS;497;-16.168388;-42.291913
31;316110600;SÃO FRANCISCO;1984;-15.945137;-44.864029
31;316250000;SÃO JOÃO DEL REI;566;-21.130762;-44.252769
31;316370600;SÃO LOURENÇO;572;-22.116107;-45.049742
31;316720200;SETE LAGOAS;532;-19.453240;-44.247911
31;316860600;TEÓFILO OTONI;511;-17.858514;-41.507610
31;316930700;TRÊS CORAÇÕES;573;-21.697187;-45.259111
31;316990100;UBÁ;568;-21.118702;-42.943200
31;317010700;UBERABA;528;-19.751855;-47.949312
31;317020600;UBERLÂNDIA;516;-18.921870;-48.279286
31;317040400;UNAÍ;499;-16.360450;-46.892625
31;317070100;VARGINHA;557;-21.554923;-45.431033
31;317130300;VIÇOSA;560;-20.754342;-42.874590
32;320020100;ALEGRE;593;-20.761300;-41.531700
32;320120900;CACHOEIRO DE ITAPEMIRIM;594;-20.849600;-41.111400
32;320130800;CARIACICA;591;-20.339700;-40.391600
32;320150600;COLATINA;588;-19.535554;-40.628948
32;320240500;GUARAPARI;595;-20.663500;-40.500300
32;320320500;LINHARES;589;-19.402600;-40.066600
32;320490600;SÃO MATEUS;590;-18.716400;-39.857300
32;320500200;SERRA;1516;-20.195600;-40.254800
32;320520000;VILA VELHA;592;-20.333600;-40.290900
32;320530900;VITÓRIA;1517;-20.315600;-40.295300
33;330030800;BARRA DO PIRAÍ;1055;-22.466302;-43.825892
33;330070400;CABO FRIO;1067;-22.882165;-42.022915
33;330100900;CAMPOS;1053;-21.761644;-41.334107
33;330170200;DUQUE DE CAXIAS;1061;-22.789499;-43.311173
33;330190000;ITABORAÍ;1062;-22.739783;-42.844551
33;330200700;ITAGUAÍ;1063;-22.870883;-43.782543
33;330220500;ITAPERUNA;1051;-21.197736;-41.899616
33;330240300;MACAÉ;1054;-22.377190;-41.776010
33;330330200;NITERÓI;1064;-22.891084;-43.120772
33;330340100;NOVA FRIBURGO;1058;-22.270768;-42.534089
33;330350000;NOVA IGUAÇU;1065;-22.765097;-43.442280
33;330390600;PETRÓPOLIS;1059;-22.504318;-43.170669
33;330420100;RESENDE;1056;-22.463568;-44.445036
33;330455701;CAMPO GRANDE;1069;-22.903765;-43.564784
33;330455702;CENTRO;1068;-22.904710;-43.177554
33;330455703;COPACABANA;1070;-22.910725;-43.172527
33;330455704;JACAREPAGUÁ;1071;-22.992567;-43.367650
33;330455705;MADUREIRA;1072;-22.879442;-43.363157
33;330455706;MÉIER;1073;-22.899522;-43.282398
33;330455707;RAMOS;1074;-22.818991;-43.307515
33;330455708;TIJUCA;1075;-22.912859;-43.222830
33;330455709;BARRA DA TIJUCA;1597;-22.992567;-43.367650
33;330490400;SÃO GONÇALO;1066;-22.826186;-43.050696
33;330510900;SÃO JOÃO DE MERITI;1741;-22.765097;-43.442280
33;330630500;VOLTA REDONDA;1057;-22.512928;-44.094458
35;350010500;ADAMANTINA;385;-21.686947;-51.072542
35;350160800;AMERICANA;401;-22.759843;-47.357060
35;350190500;AMPARO;407;-22.709618;-46.774559
35;350210100;ANDRADINA;373;-20.895783;-51.381329
35;350280400;ARAÇATUBA;374;-21.217448;-50.440810
35;350320800;ARARAQUARA;391;-21.793694;-48.185363
35;350400800;ASSIS;410;-22.664332;-50.422721
35;350450300;AVARÉ;414;-23.098600;-48.926874
35;350550000;BARRETOS;370;-20.555515;-48.574184
35;350570800;BARUERI;432;-23.510829;-46.880466
35;350600300;BAURU;389;-22.327197;-49.066366
35;350610200;BEBEDOURO;381;-20.944173;-48.489367
35;350650800;BIRIGUI;387;-21.295275;-50.351629
35;350750600;BOTUCATU;415;-22.871935;-48.445744
35;350760500;BRAGANÇA PAULISTA;422;-22.940382;-46.539628
35;350900700;CAIEIRAS;434;-23.360242;-46.737249
35;350950200;CAMPINAS;403;-22.908724;-47.052815
35;351110200;CATANDUVA;379;-21.130728;-48.975919
35;351340500;CRUZEIRO;423;-22.567952;-44.958920
35;351380100;DIADEMA;433;-23.683970;-46.621349
35;351440300;DRACENA;386;-21.488059;-51.553670
35;351550900;FERNANDÓPOLIS;366;-20.279927;-50.251510
35;351620000;FRANCA;372;-20.545772;-47.401441
35;351840400;GUARATINGUETÁ;424;-22.817285;-45.190787
35;351880000;GUARULHOS;435;-23.462968;-46.535238
35;352210900;ITANHAÉM;446;-24.186267;-46.793535
35;352220800;ITAPECERICA DA SERRA;444;-23.715321;-46.839475
35;352230700;ITAPETININGA;429;-23.589135;-48.055403
35;352240600;ITAPEVA;430;-23.977986;-48.896021
35;352310700;ITAQUAQUECETUBA;436;-23.475401;-46.350309
35;352320600;ITARARÉ;431;-24.115550;-49.339590
35;352390900;ITU;419;-23.269864;-47.287260
35;352440200;JACAREÍ;425;-23.305671;-45.980514
35;352480800;JALES;367;-20.276284;-50.540514
35;352530000;JAÚ;399;-22.298955;-48.557439
35;352590400;JUNDIAÍ;421;-23.142925;-46.917127
35;352690200;LIMEIRA;404;-22.590075;-47.414487
35;352710800;LINS;390;-21.675238;-49.752530
35;352900500;MARÍLIA;397;-22.203972;-49.958989
35;352940100;MAUÁ;437;-23.666765;-46.455246
35;353030000;MIRASSOL;1798;-20.800781;-49.477547
35;353060700;MOGI DAS CRUZES;438;-23.526077;-46.197893
35;353080500;MOGI MIRIM;393;-22.435453;-46.966333
35;353440100;OSASCO;439;-23.542289;-46.779841
35;353470800;OURINHOS;412;-22.971488;-49.849527
35;353730500;PENÁPOLIS;388;-21.423525;-50.075190
35;353740400;PEREIRA BARRETO;375;-20.643791;-51.105009
35;353870900;PIRACICABA;416;-22.727262;-47.658033
35;353880800;PIRAJU;413;-23.201307;-49.376244
35;353930100;PIRASSUNUNGA;394;-21.977110;-47.429215
35;354140600;PRESIDENTE PRUDENTE;408;-22.135311;-51.389096
35;354150500;PRESIDENTE VENCESLAU;409;-21.872916;-51.845295
35;354260200;REGISTRO;445;-24.501781;-47.845635
35;354340200;RIBEIRÃO PRETO;383;-21.194045;-47.782926
35;354390700;RIO CLARO;400;-22.412589;-47.562135
35;354660300;SANTA FÉ DO SUL;368;-20.207296;-50.930681
35;354780900;SANTO ANDRÉ;440;-23.638712;-46.537396
35;354850000;SANTOS;447;-23.933010;-46.327679
35;354870800;SÃO BERNARDO DO CAMPO;441;-23.694390;-46.555664
35;354880700;SÃO CAETANO DO SUL;442;-23.615442;-46.572850
35;354890600;SÃO CARLOS;392;-22.014273;-47.896131
35;354910200;SÃO JOÃO DA BOA VISTA;395;-21.966283;-46.792592
35;354940900;SÃO JOAQUIM DA BARRA;371;-20.576728;-47.869518
35;354970600;SÃO JOSÉ DO RIO PARDO;396;-21.604080;-46.888322
35;354980500;SÃO JOSÉ DO RIO PRETO;378;-20.836566;-49.385874
35;354990400;SÃO JOSÉ DOS CAMPOS;427;-23.175048;-45.882421
35;355030801;SP-CENTRO 1;450;-23.543652;-46.646835
35;355030803;SP-LESTE I;452;-23.500590;-46.451335
35;355030804;SP-LESTE II;453;-23.534817;-46.567443
35;355030805;SP-LESTE III;454;-23.534817;-46.567443
35;355030806;SP-LESTE IV;455;-23.534817;-46.567443
35;355030807;SP-NORTE I;456;-23.500281;-46.631265
35;355030808;SP-NORTE II;457;-23.476319;-46.665070
35;355030809;SP-NORTE III;458;-23.498029;-46.710319
35;355030810;SP-OESTE I;459;-23.522416;-46.695758
35;355030811;SP-OESTE II;460;-23.574598;-46.735034
35;355030812;SP-SUDESTE I;461;-23.584152;-46.676532
35;355030813;SP-SUDESTE II;462;-23.588156;-46.614293
35;355030814;SP-SUL I;463;-23.670987;-46.710423
35;355030815;SP-SUL II;464;-23.584152;-46.676532
35;355030816;SP-SUL III;465;-23.670987;-46.710423
35;355070400;SÃO SEBASTIÃO;448;-23.800825;-45.401467
35;355100900;SÃO VICENTE;449;-23.965596;-46.386740
35;355170200;SERTÃOZINHO;384;-21.135942;-47.988315
35;355220500;SOROCABA;420;-23.508517;-47.458058
35;355240300;SUMARÉ;405;-22.821421;-47.268947
35;355250200;SUZANO;443;-23.542168;-46.299301
35;355370800;TAQUARITINGA;382;-21.402800;-48.496599
35;355400300;TATUÍ;417;-23.343975;-47.846067
35;355410200;TAUBATÉ;428;-23.022277;-45.558839
35;355500000;TUPÃ;398;-23.699750;-46.547227
35;355620600;VALINHOS;406;-22.965254;-46.990437
35;355710500;VOTUPORANGA;369;-20.410875;-49.962251
41;410140800;APUCARANA;299;-23.552900;-51.461680
41;410150700;ARAPONGAS;292;-23.404117;-51.436700
41;410200000;ASSIS CHATEAUBRIAND;305;-24.409583;-53.516808
41;410420400;CAMPO LARGO;1534;-25.457729;-49.525811
41;410430300;CAMPO MOURÃO;303;-24.047180;-52.390174
41;410450100;CAPANEMA;311;-25.671583;-53.805694
41;410480800;CASCAVEL;306;-24.949860;-53.465280
41;410550800;CIANORTE;301;-23.657829;-52.608915
41;410580500;COLOMBO;1535;-25.348691;-49.169508
41;410590400;COLORADO;293;-22.837611;-51.969583
41;410640700;CORNÉLIO PROCÓPIO;289;-23.176819;-50.633744
41;410690201;CURITIBA/BOQUEIRÃO;279;-25.431449;-49.275612
41;410690202;CURITIBA/CENTRO;280;-25.431449;-49.275612
41;410690203;CURITIBA/PORTÃO;281;-25.431449;-49.275612
41;410830400;FOZ DO IGUAÇU;307;-25.544871;-54.579743
41;410840300;FRANCISCO BELTRÃO;312;-26.077116;-53.043226
41;410940100;GUARAPUAVA;314;-25.391986;-51.469867
41;410970800;IBAITI;288;-23.851144;-50.189186
41;411070600;IRATI;287;-25.468479;-50.660354
41;411150600;IVAIPORÃ;300;-24.237553;-51.671535
41;411200900;JAGUARIAIVA;286;-24.256100;-49.713097
41;411330400;LARANJEIRAS DO SUL;1539;-25.404440;-52.411490
41;411370000;LONDRINA;294;-23.311175;-51.162949
41;411520000;MARINGÁ;295;-23.414340;-51.944560
41;411820400;PARANAGUÁ;282;-25.575325;-48.571382
41;411840200;PARANAVAÍ;298;-23.084591;-52.458603
41;411850100;PATO BRANCO;313;-26.238586;-52.667279
41;411915200;PINHAIS;1541;-25.436250;-49.188710
41;411960800;PITANGA;1542;-24.755080;-51.767260
41;411990500;PONTA GROSSA;284;-25.112477;-50.159499
41;412230500;RIO NEGRO;283;-26.107180;-49.798680
41;412410300;SANTO ANTÔNIO DA PLATINA;291;-23.300789;-50.081421
41;412550600;SÃO JOSÉ DOS PINHAIS;1544;-25.535432;-49.198207
41;412560500;SÃO MATEUS DO SUL;1545;-25.869600;-50.389420
41;412710600;TELÊMACO BORBA;285;-24.325323;-50.616096
41;412770000;TOLEDO;310;-24.726301;-53.744221
41;412810400;UMUARAMA;302;-23.765886;-53.298092
41;412820300;UNIÃO DA VITÓRIA;315;-26.231834;-51.086216
42;420140600;ARARANGUÁ;332;-28.933589;-49.485867
42;420240400;BLUMENAU;324;-26.921897;-49.066025
42;420290900;BRUSQUE;325;-27.091903;-48.914736
42;420380800;CANOINHAS;342;-26.169947;-50.398622
42;420420200;CHAPECÓ;338;-27.107414;-52.618150
42;420430100;CONCÓRDIA;335;-27.233131;-52.025122
42;420460800;CRICIÚMA;329;-28.686569;-49.371858
42;420480600;CURITIBANOS;334;-27.288189;-50.577267
42;420540700;FLORIANÓPOLIS;328;-27.595908;-48.548386
42;420820300;ITAJAÍ;323;-26.908167;-48.656956
42;420890600;JARAGUÁ DO SUL;321;-26.489158;-49.082375
42;420900300;JOAÇABA;336;-27.175086;-51.506417
42;420910200;JOINVILLE;322;-26.294411;-48.855089
42;420930000;LAGES;333;-27.816739;-50.327622
42;421210600;PALMITOS;339;-27.070236;-53.159378
42;421480500;RIO DO SUL;327;-27.218264;-49.645542
42;421660200;SÃO JOSÉ;1736;-27.608697;-48.626331
42;421690900;SÃO LOURENÇO DO OESTE;340;-26.358417;-52.848125
42;421720400;SÃO MIGUEL DO OESTE;341;-26.731956;-53.519822
42;421870700;TUBARÃO;331;-28.480183;-49.005628
42;421930900;VIDEIRA;337;-27.005967;-51.153639
43;430040600;ALEGRETE;1020;-29.779885;-55.789177
43;430160200;BAGÉ;1021;-31.329222;-54.099686
43;430210500;BENTO GONÇALVES;1008;-29.162008;-51.520895
43;430300400;CACHOEIRA DO SUL;1014;-30.046290;-52.893960
43;430350900;CAMAQUÃ;1017;-30.857630;-51.814800
43;430440800;CANELA;1005;-29.362661;-50.818769
43;430460600;CANOAS;999;-29.918958;-51.184477
43;430470500;CARAZINHO;1034;-28.285810;-52.785568
43;430510800;CAXIAS DO SUL;1009;-29.175643;-51.192878
43;430610600;CRUZ ALTA;1024;-28.641836;-53.603888
43;430700500;ERECHIM;1031;-27.631610;-52.273900
43;430850800;FREDERICO WESTPHALEN;1030;-27.356953;-53.395313
43;431020700;IJUÍ;1033;-28.391442;-53.920342
43;431130400;LAGOA VERMELHA;1037;-28.211195;-51.522583
43;431140300;LAJEADO;1012;-29.464700;-51.965500
43;431340900;NOVO HAMBURGO;1000;-29.681977;-51.129444
43;431350800;OSÓRIO;1007;-29.890331;-50.265799
43;431370600;PALMEIRA DAS MISSÕES;1035;-27.903743;-53.309326
43;431410000;PASSO FUNDO;1036;-28.257910;-52.404370
43;431440700;PELOTAS;1018;-31.768030;-52.340910
43;431490200;PORTO ALEGRE;1001;-30.033514;-51.229572
43;431560200;RIO GRANDE;1019;-32.030016;-52.095402
43;431680800;SANTA CRUZ DO SUL;1013;-29.712495;-52.423376
43;431690700;SANTA MARIA;1016;-29.682840;-53.804658
43;431710300;SANTANA DO LIVRAMENTO;1022;-30.887106;-55.530069
43;431720200;SANTA ROSA;1028;-27.870256;-54.481601
43;431740000;SANTIAGO;1025;-29.190837;-54.867248
43;431750900;SANTO ÂNGELO;1026;-28.296797;-54.257358
43;431840800;SÃO JERÔNIMO;1015;-29.960286;-51.722611
43;431870500;SÃO LEOPOLDO;1003;-29.766087;-51.146656
43;432090900;TAPEJARA;1032;-28.068010;-52.009750
43;432120400;TAQUARA;1006;-29.651555;-50.781294
43;432190700;TRÊS PASSOS;1029;-27.454268;-53.928515
43;432240000;URUGUAIANA;1023;-29.758998;-57.087600
43;432280600;VERANÓPOLIS;1011;-28.928490;-51.547389
43;432300200;VIAMÃO;1004;-30.083604;-51.026674
50;500110200;AQUIDAUANA;471;-20.467639;-55.783137
50;500270400;CAMPO GRANDE;474;-20.464041;-54.618560
50;500320700;CORUMBÁ;472;-19.004253;-57.658297
50;500330600;COXIM;473;-18.504570;-54.758687
50;500370200;DOURADOS;476;-22.227295;-54.813535
50;500500400;JARDIM;1519;-21.482314;-56.146806
50;500570700;NAVIRAÍ;477;-23.056593;-54.193627
50;500620000;NOVA ANDRADINA;1520;-22.243072;-53.350835
50;500630900;PARANAÍBA;1508;-19.679593;-51.186298
50;500660600;PONTA PORÃ;478;-22.534673;-55.730444
50;500830500;TRÊS LAGOAS;475;-20.787520;-51.702420
51;510020100;ÁGUA BOA;1521;-14.057170;-52.158880
51;510025000;ALTA FLORESTA;1522;-9.875500;-56.086730
51;510030000;ALTO ARAGUAIA;1523;-17.316160;-53.216110
51;510170400;BARRA DO BUGRES;940;-15.068220;-57.179880
51;510180300;BARRA DO GARÇAS;936;-15.895270;-52.262720
51;510250400;CÁCERES;939;-16.062670;-57.683780
51;510335300;CONFRESA;1524;-10.653540;-51.582330
51;510340300;CUIABÁ 1;941;-15.607450;-56.103460
51;510340301;CUIABÁ 2;1602;-15.607450;-56.103460
51;510515000;JUÍNA;1525;-11.421900;-58.757220
51;510600000;NORTELÂNDIA;938;-14.453580;-56.803880
51;510675200;PONTES E LACERDA;1526;-15.226571;-59.320846
51;510760200;RONDONÓPOLIS;942;-16.479640;-54.617230
51;510785900;SÃO FÉLIX DO ARAGUAIA;1527;-11.617200;-50.663270
51;510790900;SINOP;937;-11.851320;-55.511100
51;510792500;SORRISO;1528;-12.544820;-55.719500
52;520110800;ANÁPOLIS;906;-16.335801;-48.944653
52;520140500;APARECIDA DE GOIÂNIA;916;-16.819525;-49.244059
52;520510900;CATALÃO;917;-18.169942;-47.949990
52;520540600;CERES;907;-15.315899;-49.607045
52;520800400;FORMOSA;912;-15.555504;-47.329617
52;520870700;GOIÂNIA CENTRO-NORTE;908;-16.675285;-49.262405
52;520870701;GOIÂNIA SUL;1549;-16.675285;-49.262405
52;520890500;GOIÁS;905;-15.932846;-50.143636
52;521000000;INHUMAS;909;-16.364393;-49.489102
52;521020800;IPORÁ;910;-16.440536;-51.118588
52;521150300;ITUMBIARA;919;-18.419911;-49.216524
52;521180000;JARAGUÁ;911;-15.757451;-49.332315
52;521190900;JATAÍ;914;-17.881418;-51.717524
52;521250100;LUZIÂNIA;913;-16.259833;-47.958755
52;521380600;MORRINHOS;920;-17.732533;-49.101199
52;521740100;PIRES DO RIO;918;-17.304269;-48.280189
52;521800300;PORANGATU;902;-13.444880;-49.136330
52;521830000;POSSE;904;-14.087779;-46.363824
52;521850800;QUIRINÓPOLIS;1518;-18.452466;-50.447177
52;521880500;RIO VERDE;915;-17.790665;-50.945506
52;522160100;URUAÇU;903;-14.522488;-49.148928
53;530010801;BRASÍLIA;927;-15.800206;-47.882399
53;530010802;GAMA;928;-15.800206;-47.882399
53;530010803;SOBRADINHO;929;-15.800206;-47.882399
53;530010804;TAGUATINGA;930;-15.800206;-47.882399
